
{"CreatedTime":"2023-10-11T21:25:17.6945157+07:00","PasswordFB":null,"UIdFB":null,"Email":null,"OTP":null,"FirstName":null,"LastName":null}
{"CreatedTime":"2023-10-11T21:25:18.2603742+07:00","PasswordFB":null,"UIdFB":null,"Email":null,"OTP":null,"FirstName":null,"LastName":null}
{"CreatedTime":"2023-10-11T21:25:18.1676218+07:00","PasswordFB":null,"UIdFB":null,"Email":null,"OTP":null,"FirstName":null,"LastName":null}
{"CreatedTime":"2023-10-11T21:25:18.0826795+07:00","PasswordFB":null,"UIdFB":null,"Email":null,"OTP":null,"FirstName":null,"LastName":null}
{"CreatedTime":"2023-10-11T21:25:18.2603742+07:00","PasswordFB":null,"UIdFB":null,"Email":null,"OTP":null,"FirstName":null,"LastName":null}
{"CreatedTime":"2023-10-11T21:25:18.1676218+07:00","PasswordFB":null,"UIdFB":null,"Email":null,"OTP":null,"FirstName":null,"LastName":null}
{"CreatedTime":"2023-10-11T21:25:17.6945157+07:00","PasswordFB":null,"UIdFB":null,"Email":null,"OTP":null,"FirstName":null,"LastName":null}
{"CreatedTime":"2023-10-11T21:25:18.0826795+07:00","PasswordFB":null,"UIdFB":null,"Email":null,"OTP":null,"FirstName":null,"LastName":null}
{"CreatedTime":"2023-10-11T21:25:18.1676218+07:00","PasswordFB":null,"UIdFB":null,"Email":null,"OTP":null,"FirstName":null,"LastName":null}
{"CreatedTime":"2023-10-11T21:26:20.1594003+07:00","PasswordFB":null,"UIdFB":null,"Email":null,"OTP":null,"FirstName":null,"LastName":null}
{"CreatedTime":"2023-10-11T21:26:21.1546704+07:00","PasswordFB":null,"UIdFB":null,"Email":null,"OTP":null,"FirstName":null,"LastName":null}
{"CreatedTime":"2023-10-11T21:26:22.1675546+07:00","PasswordFB":null,"UIdFB":null,"Email":null,"OTP":null,"FirstName":null,"LastName":null}
{"CreatedTime":"2023-10-11T21:26:20.1594003+07:00","PasswordFB":null,"UIdFB":null,"Email":null,"OTP":null,"FirstName":null,"LastName":null}
{"CreatedTime":"2023-10-11T21:26:21.1546704+07:00","PasswordFB":null,"UIdFB":null,"Email":null,"OTP":null,"FirstName":null,"LastName":null}
{"CreatedTime":"2023-10-11T21:26:22.1675546+07:00","PasswordFB":null,"UIdFB":null,"Email":null,"OTP":null,"FirstName":null,"LastName":null}
{"CreatedTime":"2023-10-11T21:38:29.3668632+07:00","PasswordFB":null,"UIdFB":null,"Email":null,"OTP":null,"FirstName":null,"LastName":null}
{"CreatedTime":"2023-10-11T21:38:29.7193193+07:00","PasswordFB":null,"UIdFB":null,"Email":null,"OTP":null,"FirstName":null,"LastName":null}
{"CreatedTime":"2023-10-11T21:38:29.5904439+07:00","PasswordFB":null,"UIdFB":null,"Email":null,"OTP":null,"FirstName":null,"LastName":null}
{"CreatedTime":"2023-10-11T21:38:37.8363899+07:00","PasswordFB":null,"UIdFB":null,"Email":null,"OTP":null,"FirstName":null,"LastName":null}
{"CreatedTime":"2023-10-11T21:38:29.3668632+07:00","PasswordFB":null,"UIdFB":null,"Email":null,"OTP":null,"FirstName":null,"LastName":null}
{"CreatedTime":"2023-10-11T21:38:29.5904439+07:00","PasswordFB":null,"UIdFB":null,"Email":null,"OTP":null,"FirstName":null,"LastName":null}
{"CreatedTime":"2023-10-11T21:38:53.1507851+07:00","PasswordFB":null,"UIdFB":null,"Email":null,"OTP":null,"FirstName":null,"LastName":null}
{"CreatedTime":"2023-10-11T21:38:37.8363899+07:00","PasswordFB":null,"UIdFB":null,"Email":null,"OTP":null,"FirstName":null,"LastName":null}
{"CreatedTime":"2023-10-11T21:38:53.1507851+07:00","PasswordFB":null,"UIdFB":null,"Email":null,"OTP":null,"FirstName":null,"LastName":null}
{"CreatedTime":"2023-10-11T21:39:31.3525727+07:00","PasswordFB":null,"UIdFB":null,"Email":null,"OTP":null,"FirstName":null,"LastName":null}
{"CreatedTime":"2023-10-11T21:39:39.0536092+07:00","PasswordFB":null,"UIdFB":null,"Email":null,"OTP":null,"FirstName":null,"LastName":null}
{"CreatedTime":"2023-10-11T21:42:46.3469665+07:00","PasswordFB":null,"UIdFB":null,"Email":null,"OTP":null,"FirstName":null,"LastName":null}
{"CreatedTime":"2023-10-11T21:42:46.6340092+07:00","PasswordFB":null,"UIdFB":null,"Email":null,"OTP":null,"FirstName":null,"LastName":null}